,Unnamed: 0,q,que,refer_content,ai_answer,a,create_time,kb_ids,goods_name,order_status,refund_status
0,0,你好吧,"[{""role"":""user"",""content"":""好的亲""},{""role"":""assistant"",""content"":""嗯嗯""},{""role"":""user"",""content"":""好吧""},{""role"":""assistant"",""content"":""好的亲""},{""role"":""user"",""content"":""你好呢""},{""role"":""assistant"",""content"":""亲，您好，有什么可以帮您的吗？""},{""role"":""user"",""content"":""该怎么买？""},{""role"":""assistant"",""content"":""亲 直接拍就可以哦""},{""role"":""user"",""content"":""你好的""},{""role"":""assistant"",""content"":""好的亲""},{""role"":""user"",""content"":""你好吧""}]","['问题：""你好的"", 答案：""好的亲""', '问题：""好离谱啊！"", 答案：""你好""', '问题：""你好"", 答案：""很高兴为您服务，请问有什么可以帮您？""', '问题：""你好！"", 答案：""很高兴为您服务，请问有什么可以帮您？""', '问题：""你好吧牛奶hi"", 答案：""亲，您好，有什么可以帮您的吗？""', '问题：""你你好吧你好你好的你好呢你好你还"", 答案：""很高兴为您服务，请问有什么可以帮您？""', '问题：""402570424@qq.com"", 答案：""好的 亲""', '问题：""下单了"", 答案：""好的亲""', '问题：""哦，看到了"", 答案：""好的亲""']",亲，您好，有什么可以帮您的吗？,亲，您好，有什么可以帮您的吗？,2024-04-19 20:36:41,"12,18",小白帆布鞋2023年新款,待发货,退款成功
1,1,你好的,"[{""role"":""user"",""content"":""你好呢""},{""role"":""user"",""content"":""好的亲""},{""role"":""assistant"",""content"":""嗯嗯""},{""role"":""user"",""content"":""好吧""},{""role"":""assistant"",""content"":""好的亲""},{""role"":""user"",""content"":""你好呢""},{""role"":""assistant"",""content"":""亲，您好，有什么可以帮您的吗？""},{""role"":""user"",""content"":""该怎么买？""},{""role"":""assistant"",""content"":""亲 直接拍就可以哦""},{""role"":""user"",""content"":""你好的""}]","['问题：""你好的"", 答案：""好的亲""', '问题：""好离谱啊！"", 答案：""你好""', '问题：""你好"", 答案：""很高兴为您服务，请问有什么可以帮您？""', '问题：""你好！"", 答案：""很高兴为您服务，请问有什么可以帮您？""', '问题：""好的"", 答案：""好的亲🌹""']",好的亲,好的亲,2024-04-18 16:58:30,"12,18",小白帆布鞋2023年新款,待发货,退款成功
2,2,该怎么买？,"[{""role"":""user"",""content"":""你好呢""},{""role"":""assistant"",""content"":""亲，您好，有什么可以帮您的吗？""},{""role"":""user"",""content"":""你好呢""},{""role"":""user"",""content"":""好的亲""},{""role"":""assistant"",""content"":""嗯嗯""},{""role"":""user"",""content"":""好吧""},{""role"":""assistant"",""content"":""好的亲""},{""role"":""user"",""content"":""你好呢""},{""role"":""assistant"",""content"":""亲，您好，有什么可以帮您的吗？""},{""role"":""user"",""content"":""该怎么买？""}]","['问题：""一次性买几种怎么买"", 答案：""直接下单就可以啦。""', '问题：""我还想买，怎么拍"", 答案：""直接下单呢，亲""', '问题：""<运营问题>该怎么下单？"", 答案：""按选项下单""', '问题：""怎么操作？"", 答案：""订单上申请就可以""', '问题：""怎么操作？"", 答案：""亲 找到您的订单申请退货退款 按要求操作就可以哦""', '问题：""怎么处理？"", 答案：""亲 这边核实发出正确亲 申请退货退款 修改金额""', '问题：""怎么用"", 答案：""冲泡即食哈亲""', '问题：""怎么吃？"", 答案：""亲。冲泡即食的""', '问题：""晕，不可能一个一个买吧"", 答案：""原味的比较受欢迎哦""', '问题：""这个怎么做"", 答案：""参考下""']",亲 直接拍就可以哦,亲 直接拍就可以哦,2024-04-18 16:52:00,"12,18",小白帆布鞋2023年新款,待发货,退款成功
3,3,你好呢,"[{""role"":""user"",""content"":""发你好""},{""role"":""assistant"",""content"":""亲，您好，有什么可以帮您的吗？""},{""role"":""user"",""content"":""你好呢""},{""role"":""assistant"",""content"":""亲，您好，有什么可以帮您的吗？""},{""role"":""user"",""content"":""你好呢""},{""role"":""user"",""content"":""好的亲""},{""role"":""assistant"",""content"":""嗯嗯""},{""role"":""user"",""content"":""好吧""},{""role"":""assistant"",""content"":""好的亲""},{""role"":""user"",""content"":""你好呢""}]","['问题：""你好的"", 答案：""好的亲""', '问题：""好离谱啊！"", 答案：""你好""', '问题：""你好"", 答案：""很高兴为您服务，请问有什么可以帮您？""', '问题：""你好！"", 答案：""很高兴为您服务，请问有什么可以帮您？""', '问题：""402570424@qq.com"", 答案：""好的 亲""', '问题：""下单了"", 答案：""好的亲""', '问题：""哦，看到了"", 答案：""好的亲""', '问题：""好的"", 答案：""好的亲🌹""']",亲，您好，有什么可以帮您的吗？,亲，您好，有什么可以帮您的吗？,2024-04-18 16:42:12,"12,18",小白帆布鞋2023年新款,待发货,退款成功
4,4,好吧,"[{""role"":""user"",""content"":""你好呢""},{""role"":""user"",""content"":""发你好""},{""role"":""assistant"",""content"":""亲，您好，有什么可以帮您的吗？""},{""role"":""user"",""content"":""你好呢""},{""role"":""assistant"",""content"":""亲，您好，有什么可以帮您的吗？""},{""role"":""user"",""content"":""你好呢""},{""role"":""user"",""content"":""好的亲""},{""role"":""assistant"",""content"":""嗯嗯""},{""role"":""user"",""content"":""好吧""}]","['问题：""好吧"", 答案：""好的""', '问题：""好吧"", 答案：""亲，确认收货以后联系我们帮您处理哈""', '问题：""好吧"", 答案：""亲 确认收货后与我们联系""', '问题：""好吧"", 答案：""如果不行的话 按照给您发的比例再试下""', '问题：""好吧"", 答案：""您耐心等待下哈""', '问题：""好的"", 答案：""好的亲🌹""', '问题：""好的谢谢"", 答案：""好的""', '问题：""打发以后放置不会变稀了吧我要原味的一袋看看吧，一袋出多少啊"", 答案：""好的""']",好的亲,好的亲,2024-04-18 16:41:56,"12,18",小白帆布鞋2023年新款,待发货,退款成功
5,5,你好呢好的亲,"[{""role"":""user"",""content"":""你好呢""},{""role"":""user"",""content"":""发你好""},{""role"":""assistant"",""content"":""亲，您好，有什么可以帮您的吗？""},{""role"":""user"",""content"":""你好呢""},{""role"":""assistant"",""content"":""亲，您好，有什么可以帮您的吗？""},{""role"":""user"",""content"":""你好呢""},{""role"":""user"",""content"":""你好呢好的亲""}]","['问题：""你好的"", 答案：""好的亲""', '问题：""你好你好"", 答案：""很高兴为您服务，请问有什么可以帮您？""', '问题：""你可以看我拍照评价"", 答案：""好呢亲""', '问题：""我又买了包装好点"", 答案：""好的 亲""', '问题：""已经下单了"", 答案：""好的亲""', '问题：""好"", 答案：""好的亲""', '问题：""402570424@qq.com"", 答案：""好的 亲""', '问题：""下单了"", 答案：""好的亲""', '问题：""己评价"", 答案：""好的亲""', '问题：""目前还是没有任何联系"", 答案：""好的 亲""']",嗯嗯,嗯嗯,2024-04-18 16:41:41,"12,18",小白帆布鞋2023年新款,待发货,退款成功
8,8,你好呢你好呢你好呢发你好,"[{""role"":""user"",""content"":""你好呢""},{""role"":""user"",""content"":""再见""},{""role"":""user"",""content"":""再见吧""},{""role"":""user"",""content"":""好的""},{""role"":""user"",""content"":""在吗""},{""role"":""user"",""content"":""你好呢你好呢你好呢发你好""}]","['问题：""你你好吧你好你好的你好呢你好你还"", 答案：""很高兴为您服务，请问有什么可以帮您？""', '问题：""你好你好"", 答案：""很高兴为您服务，请问有什么可以帮您？""', '问题：""你好的"", 答案：""好的亲""', '问题：""你好，"", 答案：""很高兴为您服务，请问有什么可以帮您？""', '问题：""你好"", 答案：""很高兴为您服务，请问有什么可以帮您？""', '问题：""你好！"", 答案：""很高兴为您服务，请问有什么可以帮您？""', '问题：""你好吧牛奶hi"", 答案：""亲，您好，有什么可以帮您的吗？""', '问题：""你好今天你可以发货吗？"", 答案：""下单48小时内发货亲""', '问题：""你发错了吧"", 答案：""亲 您拍的是原味的哦""', '问题：""今天能发吗今天可不可以发"", 答案：""亲亲，正常48小时内发货呢~""']",亲，您好，有什么可以帮您的吗？,亲，您好，有什么可以帮您的吗？,2024-04-18 16:33:19,"12,18",小白帆布鞋2023年新款,待发货,退款成功
9,9,你好呢你好呢,"[{""role"":""user"",""content"":""你好呢""},{""role"":""user"",""content"":""再见""},{""role"":""user"",""content"":""再见吧""},{""role"":""user"",""content"":""好的""},{""role"":""user"",""content"":""在吗""},{""role"":""user"",""content"":""你好呢你好呢""}]","['问题：""你好你好"", 答案：""很高兴为您服务，请问有什么可以帮您？""', '问题：""你好的"", 答案：""好的亲""', '问题：""你你好吧你好你好的你好呢你好你还"", 答案：""很高兴为您服务，请问有什么可以帮您？""', '问题：""你好"", 答案：""很高兴为您服务，请问有什么可以帮您？""', '问题：""你好！"", 答案：""很高兴为您服务，请问有什么可以帮您？""', '问题：""你好吧牛奶hi"", 答案：""亲，您好，有什么可以帮您的吗？""', '问题：""亲这个歌"", 答案：""你好 在的亲""', '问题：""对了"", 答案：""你好 在的亲""', '问题：""怎么打"", 答案：""你好 在的亲""']",亲，您好，有什么可以帮您的吗？,,2024-04-18 11:01:02,"12,18",小白帆布鞋2023年新款,待发货,退款成功
11,11,好的呢再见你好呢再见再见吧好的在吗,"[{""role"":""user"",""content"":""你好呢""},{""role"":""user"",""content"":""在哪""},{""role"":""user"",""content"":""好的亲""},{""role"":""user"",""content"":""再见""},{""role"":""assistant"",""content"":""再见亲""},{""role"":""user"",""content"":""有哪些尺码""},{""role"":""assistant"",""content"":""亲 参考下哦""},{""role"":""user"",""content"":""好的呢再见你好呢再见再见吧好的在吗""}]",[],,很高兴为您服务，请问有什么可以帮您？,2024-04-17 16:55:56,"12,18",小白帆布鞋2023年新款,待发货,退款成功
12,12,好的呢再见,"[{""role"":""user"",""content"":""你好呢""},{""role"":""user"",""content"":""在哪""},{""role"":""user"",""content"":""好的亲""},{""role"":""user"",""content"":""再见""},{""role"":""assistant"",""content"":""再见亲""},{""role"":""user"",""content"":""有哪些尺码""},{""role"":""assistant"",""content"":""亲 参考下哦""},{""role"":""user"",""content"":""好的呢再见""}]","['问题：""你可以看我拍照评价"", 答案：""好呢亲""', '问题：""402570424@qq.com"", 答案：""好的 亲""', '问题：""下单了"", 答案：""好的亲""', '问题：""别在错了"", 答案：""好的亲""', '问题：""己评价"", 答案：""好的亲""', '问题：""目前还是没有任何联系"", 答案：""好的 亲""', '问题：""咋没有发货啊知道了"", 答案：""好的亲""', '问题：""在吗亲好评返现吗"", 答案：""好的亲""', '问题：""是3罐啊"", 答案：""好的亲""', '问题：""3罐3斤以下单"", 答案：""好的亲""']",再见亲,,2024-04-17 11:50:41,"12,18",小白帆布鞋2023年新款,待发货,退款成功
13,13,好的呢,"[{""role"":""user"",""content"":""你好呢""},{""role"":""user"",""content"":""在哪""},{""role"":""user"",""content"":""好的亲""},{""role"":""user"",""content"":""再见""},{""role"":""assistant"",""content"":""再见亲""},{""role"":""user"",""content"":""有哪些尺码""},{""role"":""assistant"",""content"":""亲 参考下哦""},{""role"":""user"",""content"":""好的呢""}]","['问题：""！今天7:00做了到现在还没凝固了。这个芒果的做不到10分钟都凝固了。..现在把那个草莓了又加里头50克。我给那杯子里的全部到了又加上50克看凝固不凝固。"", 答案：""好的""', '问题：""我打开了一罐退俩罐一共三个退俩罐"", 答案：""好的""', '问题：""稍等"", 答案：""好的""', '问题：""三个"", 答案：""好的""', '问题：""感恩"", 答案：""好的""', '问题：""好的"", 答案：""稍等""', '问题：""好的"", 答案：""好的亲🌹""', '问题：""明天打给你看吧"", 答案：""好的""', '问题：""好的"", 答案：""参考咱们制作图文亲""']",好的亲,,2024-04-17 11:49:14,"12,18",小白帆布鞋2023年新款,待发货,退款成功
14,14,有哪些尺码,"[{""role"":""user"",""content"":""不买了谢谢""},{""role"":""assistant"",""content"":""好的""},{""role"":""user"",""content"":""你好呢""},{""role"":""user"",""content"":""在哪""},{""role"":""user"",""content"":""好的亲""},{""role"":""user"",""content"":""再见""},{""role"":""assistant"",""content"":""再见亲""},{""role"":""user"",""content"":""有哪些尺码""}]","['问题：""上面的比例牛奶的后面只写了1呀。"", 答案：""比例""', '问题：""我秤了"", 答案：""你好 在的亲""', '问题：""比例？"", 答案：""1:6的""', '问题：""我要拍的这款总共重量多少？"", 答案：""亲 一罐350g""', '问题：""亲这个是600ml的水还是800的水呀"", 答案：""比例是重量哈""', '问题：""比例是多少？"", 答案：""亲 参考下哦""', '问题：""比例多少"", 答案：""1:1""', '问题：""比例多少"", 答案：""1:6的亲""', '问题：""总重量多少？"", 答案：""袋装500g 桶装400g 灌装300g 您根据选项拍的""', '问题：""产品类别"", 答案：""预拌粉""']",亲 参考下哦,亲 参考下哦,2024-04-17 11:48:52,"12,18",小白帆布鞋2023年新款,待发货,退款成功
15,15,你好呢在哪好的亲再见,"[{""role"":""user"",""content"":""你好吧""},{""role"":""assistant"",""content"":""亲，您好，有什么可以帮您的吗？还需要买啥""},{""role"":""user"",""content"":""不买了谢谢""},{""role"":""assistant"",""content"":""好的""},{""role"":""user"",""content"":""你好呢""},{""role"":""user"",""content"":""在哪""},{""role"":""user"",""content"":""好的亲""},{""role"":""user"",""content"":""你好呢在哪好的亲再见""}]","['问题：""你好"", 答案：""很高兴为您服务，请问有什么可以帮您？""', '问题：""怎么打"", 答案：""你好 在的亲""', '问题：""亲这个歌"", 答案：""你好 在的亲""', '问题：""对了"", 答案：""你好 在的亲""', '问题：""好的好的我之前购买的商品遇到了售后问题，能尽快帮我处理一下么？我之前购买的商品遇到了售后问题，能尽快帮我处理一下么？"", 答案：""你好 在的亲""', '问题：""你好！"", 答案：""很高兴为您服务，请问有什么可以帮您？""', '问题：""402570424@qq.com"", 答案：""好的 亲""']",再见亲,再见亲,2024-04-17 11:48:19,"12,18",小白帆布鞋2023年新款,待发货,退款成功
17,17,不买了谢谢,"[{""role"":""user"",""content"":""你好呢""},{""role"":""assistant"",""content"":""你好 在的亲""},{""role"":""user"",""content"":""你好呢""},{""role"":""user"",""content"":""你好呢""},{""role"":""assistant"",""content"":""你好 在的亲""},{""role"":""user"",""content"":""你好呢""},{""role"":""assistant"",""content"":""你好 在的亲""},{""role"":""user"",""content"":""你好吧""},{""role"":""assistant"",""content"":""亲，您好，有什么可以帮您的吗？还需要买啥""},{""role"":""user"",""content"":""不买了谢谢""}]","['问题：""不想买了"", 答案：""亲 可以申请退款哦""', '问题：""行了在不买了"", 答案：""🌹""', '问题：""这个不要了别发货谢谢！"", 答案：""亲 尽快同意下哦""', '问题：""退货吧不要了"", 答案：""亲直接申请就可以哈""', '问题：""请不要发货谢谢"", 答案：""亲 麻烦您在订单上申请退款哦""', '问题：""买两单都不送，真行，不买好了"", 答案：""看选项哦亲，选项上面有写的就送，没有写的就不送哦""', '问题：""把上面的取消吧，谢谢价格还能便宜吗"", 答案：""现在本身就是优惠价哈""', '问题：""不要了"", 答案：""亲，您申请退款哦""', '问题：""你好，我要退货"", 答案：""好的亲。您申请退货退款，商品寄回就可以哈""', '问题：""我没开封的能退吗买多了"", 答案：""亲，可以退的哦~""']",好的,好的,2024-04-17 11:09:50,"12,18",小白帆布鞋2023年新款,待发货,退款成功
23,24,怎么卖,"[{""role"":""user"",""content"":""我才""},{""role"":""user"",""content"":""好的""},{""role"":""user"",""content"":""***""},{""role"":""assistant"",""content"":""你好 在的亲""},{""role"":""user"",""content"":""我很生气""},{""role"":""user"",""content"":""我真的很生气""},{""role"":""assistant"",""content"":""亲亲，如果您对收到的商品不满意的话您可以申请退货退款，商品退回，有专人处理的哈。""},{""role"":""user"",""content"":""怎么卖""}]","['问题：""卖的"", 答案：""具体次数需要根据您的使用量和制作方式而定哦~""', '问题：""怎么用"", 答案：""冲泡即食哈亲""', '问题：""快点帮我发啊我是拿来卖的"", 答案：""亲亲，正常48小时内发货呢。""', '问题：""怎么"", 答案：""你好 在的亲""', '问题：""怎么转出"", 答案：""亲 这边已经联系快递了哦""', '问题：""为什么不卖给我？咋回事啊"", 答案：""亲 北京开会的原因 暂时停发了""', '问题：""怎么吃"", 答案：""冲泡即食的亲""', '问题：""怎么吃"", 答案：""热水冲泡即可""', '问题：""能批发吗"", 答案：""很高兴为您服务，请问有什么可以帮您？""', '问题：""这个怎么做"", 答案：""参考下""']",亲 具体的您看下选项,,2024-04-17 10:02:04,"12,18",小白帆布鞋2023年新款,待发货,退款成功
24,25,我很生气我真的很生气,"[{""role"":""user"",""content"":""去***""},{""role"":""user"",""content"":""我才""},{""role"":""user"",""content"":""好的""},{""role"":""user"",""content"":""***""},{""role"":""assistant"",""content"":""你好 在的亲""},{""role"":""user"",""content"":""我很生气""},{""role"":""user"",""content"":""我很生气我真的很生气""}]","['问题：""一看气炸了"", 答案：""亲亲，如果您对收到的商品不满意的话您可以申请退货退款，商品退回，有专人处理的哈。""', '问题：""真无语了"", 答案：""什么问题呢亲""', '问题：""[我伤心了]"", 答案：""亲 这边已经催促快递了""', '问题：""麻烦了"", 答案：""好的""', '问题：""真的好麻烦"", 答案：""实在抱歉""', '问题：""你看看上面时间吧，今天多少号了，这是第一次处理情况，而且货已经完美退货！你们把时间看清楚再说"", 答案：""实在抱歉""', '问题：""不满意"", 答案：""亲 不满意的话 可以申请退货退款""', '问题：""你好，有教学视频不谢谢"", 答案：""客气了""', '问题：""[谢谢]"", 答案：""客气了""', '问题：""好再来"", 答案：""嗯""']",,亲亲，如果您对收到的商品不满意的话您可以申请退货退款，商品退回，有专人处理的哈。,2024-04-16 19:55:37,"12,18",小白帆布鞋2023年新款,待发货,退款成功
25,26,我很生气,"[{""role"":""user"",""content"":""你好吧""},{""role"":""user"",""content"":""去***""},{""role"":""user"",""content"":""我才""},{""role"":""user"",""content"":""好的""},{""role"":""user"",""content"":""***""},{""role"":""assistant"",""content"":""你好 在的亲""},{""role"":""user"",""content"":""我很生气""}]","['问题：""一看气炸了"", 答案：""亲亲，如果您对收到的商品不满意的话您可以申请退货退款，商品退回，有专人处理的哈。""', '问题：""真无语了"", 答案：""什么问题呢亲""', '问题：""[我伤心了]"", 答案：""亲 这边已经催促快递了""', '问题：""麻烦了"", 答案：""好的""', '问题：""真的好麻烦"", 答案：""实在抱歉""', '问题：""你看看上面时间吧，今天多少号了，这是第一次处理情况，而且货已经完美退货！你们把时间看清楚再说"", 答案：""实在抱歉""', '问题：""不满意"", 答案：""亲 不满意的话 可以申请退货退款""', '问题：""你好，有教学视频不谢谢"", 答案：""客气了""', '问题：""[谢谢]"", 答案：""客气了""', '问题：""好再来"", 答案：""嗯""']",亲亲，如果您对收到的商品不满意的话您可以申请退货退款，商品退回，有专人处理的哈。,,2024-04-16 19:55:29,"12,18",小白帆布鞋2023年新款,待发货,退款成功
26,27,买的好你好吧去***我才好的***,"[{""role"":""user"",""content"":""买的好""},{""role"":""user"",""content"":""你好吧""},{""role"":""user"",""content"":""去***""},{""role"":""user"",""content"":""我才""},{""role"":""user"",""content"":""好的""},{""role"":""user"",""content"":""买的好你好吧去***我才好的***""}]","['问题：""买了3次好"", 答案：""🌹""', '问题：""谢谢！好的话以后都在你家买谢谢"", 答案：""好的 亲""', '问题：""你好货到了"", 答案：""很高兴为您服务，请问有什么可以帮您？""', '问题：""你们这个没有，我之前买的那个好。"", 答案：""亲亲，咱这边保证自家质量的哈""', '问题：""我之前买过"", 答案：""亲 时间太长 看不到您的订单了""', '问题：""好"", 答案：""好的亲""', '问题：""好"", 答案：""🌹""', '问题：""你你好吧你好你好的你好呢你好你还"", 答案：""很高兴为您服务，请问有什么可以帮您？""', '问题：""买的多"", 答案：""亲亲，我们这里都是活动价哦~""', '问题：""好的，哪个卖的快"", 答案：""亲亲，都很好哈可以根据自己需求选择哈""']",你好 在的亲,你好 在的亲,2024-04-16 19:55:09,"12,18",小白帆布鞋2023年新款,待发货,退款成功
27,28,买的好,"[{""role"":""user"",""content"":""我要买多少？""},{""role"":""assistant"",""content"":""亲 您需要多少呢""},{""role"":""user"",""content"":""我需要半包""},{""role"":""assistant"",""content"":""亲 不支持半包购买哦""},{""role"":""user"",""content"":""在吗""},{""role"":""assistant"",""content"":""很高兴为您服务，请问有什么可以帮您？""},{""role"":""user"",""content"":""好的呢""},{""role"":""assistant"",""content"":""嗯嗯""},{""role"":""user"",""content"":""再见""},{""role"":""assistant"",""content"":""再见亲""},{""role"":""user"",""content"":""买的好""}]","['问题：""买的多"", 答案：""亲亲，我们这里都是活动价哦~""', '问题：""买了3次好"", 答案：""🌹""', '问题：""好"", 答案：""🌹""', '问题：""好"", 答案：""好的亲""', '问题：""好"", 答案：""华都""', '问题：""好"", 答案：""亲，这边帮您联系快递核重，您稍等""', '问题：""好"", 答案：""您现在收到八包是吧""', '问题：""好啊"", 答案：""好的亲""', '问题：""好的"", 答案：""好的亲🌹""', '问题：""打发以后放置不会变稀了吧我要原味的一袋看看吧，一袋出多少啊"", 答案：""好的""']",亲亲，非常感谢您的支持~,,2024-04-16 19:54:37,"12,18",小白帆布鞋2023年新款,待发货,退款成功
28,29,再见,"[{""role"":""user"",""content"":""好的亲""},{""role"":""assistant"",""content"":""嗯嗯""},{""role"":""user"",""content"":""我要买多少？""},{""role"":""assistant"",""content"":""亲 您需要多少呢""},{""role"":""user"",""content"":""我需要半包""},{""role"":""assistant"",""content"":""亲 不支持半包购买哦""},{""role"":""user"",""content"":""在吗""},{""role"":""assistant"",""content"":""很高兴为您服务，请问有什么可以帮您？""},{""role"":""user"",""content"":""好的呢""},{""role"":""assistant"",""content"":""嗯嗯""},{""role"":""user"",""content"":""再见""}]","['问题：""不要了"", 答案：""亲，您申请退款哦""', '问题：""谢谢"", 答案：""不客气哈亲""', '问题：""谢谢"", 答案：""不客气亲""', '问题：""谢谢"", 答案：""客气了亲""', '问题：""谢谢了"", 答案：""不客气亲，后续有专员确认给您地址，您耐心等待下哈""', '问题：""撤了"", 答案：""一共是八个快递包裹吗""', '问题：""<运营问题>是否有季节性或地域限制？"", 答案：""无""', '问题：""<商品成分>有无致敏源？"", 答案：""无""', '问题：""你好"", 答案：""很高兴为您服务，请问有什么可以帮您？""', '问题：""好再来"", 答案：""嗯""']",再见亲,再见亲,2024-04-16 19:33:35,"12,18",小白帆布鞋2023年新款,待发货,退款成功
30,31,在吗,"[{""role"":""user"",""content"":""你好呢""},{""role"":""assistant"",""content"":""你好呢亲111""},{""role"":""user"",""content"":""怎么买？""},{""role"":""assistant"",""content"":""拍随意搭配的""},{""role"":""user"",""content"":""好的亲""},{""role"":""assistant"",""content"":""嗯嗯""},{""role"":""user"",""content"":""我要买多少？""},{""role"":""assistant"",""content"":""亲 您需要多少呢""},{""role"":""user"",""content"":""我需要半包""},{""role"":""assistant"",""content"":""亲 不支持半包购买哦""},{""role"":""user"",""content"":""在吗""}]","['问题：""一包"", 答案：""亲，很抱歉给您带来不好的体验，还请亲理解一下，您看为了给您有个好的购物体验，给您补偿2元可以吗。""', '问题：""2包。我是想拿小包的先试试"", 答案：""好的""', '问题：""一大包"", 答案：""亲，这边帮您联系快递核重，您稍等""', '问题：""多少包"", 答案：""根据选项看下哦""', '问题：""可是我这包只有50g"", 答案：""亲 您一共收到几袋""', '问题：""有一包漏了"", 答案：""亲，可能是打包的时候挤压导致的，不影响食用的哦。这边给您申请2元的补偿可以吗。""', '问题：""可以加急吗就一包"", 答案：""亲 这边会催下仓库 不能保证今天一定可以发出哦""', '问题：""漏了一包"", 答案：""亲，可能是快递运输过程中挤压导致的哈，不影响食用的哦""', '问题：""我这边是8包哟"", 答案：""您需要退回几包几申请退回几包的价格哈""', '问题：""500克几包"", 答案：""亲 一袋500g哦""']",,很高兴为您服务，请问有什么可以帮您？,2024-04-16 19:32:58,"12,18",小白帆布鞋2023年新款,待发货,退款成功
31,32,我需要半包,"[{""role"":""user"",""content"":""1""},{""role"":""assistant"",""content"":""1仍然557891011""},{""role"":""user"",""content"":""你好呢""},{""role"":""assistant"",""content"":""你好呢亲111""},{""role"":""user"",""content"":""怎么买？""},{""role"":""assistant"",""content"":""拍随意搭配的""},{""role"":""user"",""content"":""好的亲""},{""role"":""assistant"",""content"":""嗯嗯""},{""role"":""user"",""content"":""我要买多少？""},{""role"":""assistant"",""content"":""亲 您需要多少呢""},{""role"":""user"",""content"":""我需要半包""}]","['问题：""一包"", 答案：""亲，很抱歉给您带来不好的体验，还请亲理解一下，您看为了给您有个好的购物体验，给您补偿2元可以吗。""', '问题：""2包。我是想拿小包的先试试"", 答案：""好的""', '问题：""一大包"", 答案：""亲，这边帮您联系快递核重，您稍等""', '问题：""多少包"", 答案：""根据选项看下哦""', '问题：""可是我这包只有50g"", 答案：""亲 您一共收到几袋""', '问题：""有一包漏了"", 答案：""亲，可能是打包的时候挤压导致的，不影响食用的哦。这边给您申请2元的补偿可以吗。""', '问题：""可以加急吗就一包"", 答案：""亲 这边会催下仓库 不能保证今天一定可以发出哦""', '问题：""漏了一包"", 答案：""亲，可能是快递运输过程中挤压导致的哈，不影响食用的哦""', '问题：""我这边是8包哟"", 答案：""您需要退回几包几申请退回几包的价格哈""', '问题：""500克几包"", 答案：""亲 一袋500g哦""']",亲 不支持半包购买哦,亲 不支持半包购买哦,2024-04-16 18:19:41,"12,18",小白帆布鞋2023年新款,待发货,退款成功
32,33,我要买多少？,"[{""role"":""user"",""content"":""你好呢""},{""role"":""assistant"",""content"":""你好呢亲""},{""role"":""user"",""content"":""1""},{""role"":""assistant"",""content"":""1仍然557891011""},{""role"":""user"",""content"":""你好呢""},{""role"":""assistant"",""content"":""你好呢亲111""},{""role"":""user"",""content"":""怎么买？""},{""role"":""assistant"",""content"":""拍随意搭配的""},{""role"":""user"",""content"":""好的亲""},{""role"":""assistant"",""content"":""嗯嗯""},{""role"":""user"",""content"":""我要买多少？""}]","['问题：""放多少？"", 答案：""热水冲泡搅拌溶解就可以哈""', '问题：""是多少钱来着？"", 答案：""亲 您收到几袋""', '问题：""多少钱"", 答案：""亲 稍等 这边问下哦""', '问题：""我买50克有什么用？"", 答案：""亲选项是的哦自己选择的哈""', '问题：""长期拿，有优惠吗？"", 答案：""亲 需要多少""', '问题：""买多有优惠吗"", 答案：""亲 需要多少""', '问题：""她们问我多少钱买的"", 答案：""好的亲""', '问题：""我购买的有点多了"", 答案：""亲亲，有什么可以帮您呢""', '问题：""一罐多少？"", 答案：""1罐500g亲""', '问题：""多少包"", 答案：""根据选项看下哦""']",亲 您需要多少呢,亲 您需要多少呢,2024-04-16 18:17:10,"12,18",小白帆布鞋2023年新款,待发货,退款成功
33,34,好的亲,"[{""role"":""user"",""content"":""你好呢""},{""role"":""assistant"",""content"":""你好呢亲""},{""role"":""user"",""content"":""你好呢""},{""role"":""assistant"",""content"":""你好呢亲""},{""role"":""user"",""content"":""1""},{""role"":""assistant"",""content"":""1仍然557891011""},{""role"":""user"",""content"":""你好呢""},{""role"":""assistant"",""content"":""你好呢亲111""},{""role"":""user"",""content"":""怎么买？""},{""role"":""assistant"",""content"":""拍随意搭配的""},{""role"":""user"",""content"":""好的亲""}]","['问题：""我又买了包装好点"", 答案：""好的 亲""', '问题：""已经下单了"", 答案：""好的亲""', '问题：""好"", 答案：""好的亲""', '问题：""你这要是好，我会长期回购"", 答案：""好的 亲""', '问题：""那我放到柜子里，多少我不管。"", 答案：""好的 亲""', '问题：""402570424@qq.com"", 答案：""好的 亲""', '问题：""下单了"", 答案：""好的亲""', '问题：""好了，谢谢，"", 答案：""好的亲""', '问题：""[擦汗][擦汗]等一下我整理一下，他这一包是五百克吗？我整理一下，完了之后呃那个啥，我再看哪些要换。"", 答案：""好的亲""', '问题：""9858662412709快递单号"", 答案：""好的亲""']",嗯嗯,嗯嗯,2024-04-16 18:16:53,"12,18",小白帆布鞋2023年新款,待发货,退款成功
34,35,怎么买？,"[{""role"":""user"",""content"":""你好呢""},{""role"":""assistant"",""content"":""你好呢亲1仍然""},{""role"":""user"",""content"":""你好呢""},{""role"":""assistant"",""content"":""你好呢亲""},{""role"":""user"",""content"":""你好呢""},{""role"":""assistant"",""content"":""你好呢亲""},{""role"":""user"",""content"":""1""},{""role"":""assistant"",""content"":""1仍然557891011""},{""role"":""user"",""content"":""你好呢""},{""role"":""assistant"",""content"":""你好呢亲111""},{""role"":""user"",""content"":""怎么买？""}]","['问题：""怎么"", 答案：""你好 在的亲""', '问题：""怎么用"", 答案：""冲泡即食哈亲""', '问题：""怎么操作？"", 答案：""订单上申请就可以""', '问题：""怎么操作？"", 答案：""亲 找到您的订单申请退货退款 按要求操作就可以哦""', '问题：""怎么领取"", 答案：""亲 领取什么呢""', '问题：""一次性买几种怎么买"", 答案：""直接下单就可以啦。""', '问题：""怎么做呀"", 答案：""亲 参考下哦""', '问题：""怎么使用"", 答案：""热水冲泡即可""', '问题：""这个怎么做"", 答案：""参考下""', '问题：""怎么制作"", 答案：""亲 参考下哦""']",拍随意搭配的,拍随意搭配的,2024-04-16 18:16:38,"12,18",小白帆布鞋2023年新款,待发货,退款成功
35,37,zq,"[{""role"":""user"",""content"":""1""},{""role"":""user"",""content"":""1""},{""role"":""user"",""content"":""1""},{""role"":""user"",""content"":""1""},{""role"":""user"",""content"":""zq""}]","['问题：""执行标准"", 答案：""Q/zyjk0003s""', '问题：""402570424@qq.com"", 答案：""好的 亲""', '问题：""品牌"", 答案：""谷物盟主""', '问题：""阿巴阿巴"", 答案：""🌹""', '问题：""什么铅笔都能装饰是吗？"", 答案：""🌹""', '问题：""以前用雀巢卖的慢赔了不少钱现在遇到你家不愁了"", 答案：""😁""', '问题：""现在懂了，回哈继续干奶茶店准备资金"", 答案：""👋""', '问题：""在海南赔了60多个诶三年疫情坑人"", 答案：""🙏""']",什么意思亲,什么意思亲,2024-04-16 17:53:57,12,,已签收,无售后或售后关闭
36,38,1,"[{""role"":""user"",""content"":""发货""},{""role"":""assistant"",""content"":""亲亲，发货时间48小时内哦~""},{""role"":""user"",""content"":""发什么物流""},{""role"":""assistant"",""content"":""亲亲，我们发极兔、中通、邮政，不指定快递，仓库随机发哦~""},{""role"":""user"",""content"":""多久发货""},{""role"":""assistant"",""content"":""亲亲，下单48小时内发货哦。""},{""role"":""user"",""content"":""1""},{""role"":""assistant"",""content"":""1""},{""role"":""user"",""content"":""多久发货""},{""role"":""assistant"",""content"":""亲亲，下单48小时内发货哦。好的亲""},{""role"":""user"",""content"":""1""}]","['问题：""一"", 答案：""亲 可以灌8-10斤哦""', '问题：""？"", 答案：""猪小肠衣""', '问题：""<运营问题>保质期多久？"", 答案：""1年""', '问题：""<物流问题>能储存多长时间？"", 答案：""1年""', '问题：""哦"", 答案：""好的亲🌹""', '问题：""<运营问题>是否有相关的认证或授权？"", 答案：""无""', '问题：""<运营问题>是否有季节性或地域限制？"", 答案：""无""', '问题：""<商品成分>有反式脂肪酸吗？"", 答案：""无""', '问题：""<商品成分>有无致敏源？"", 答案：""无""', '问题：""<商品成分>有无农药残留？"", 答案：""无""']",1,,2024-04-16 17:53:43,"22,23",春秋男士高帮鞋韩版潮流运动休闲板鞋男英伦内增高男鞋白色学生鞋,待发货,退款成功
41,52,多久发货,"[{""role"":""user"",""content"":""什么时候发挥""},{""role"":""user"",""content"":""发货""},{""role"":""assistant"",""content"":""亲亲，发货时间48小时内哦~""},{""role"":""user"",""content"":""发什么物流""},{""role"":""assistant"",""content"":""亲亲，我们发极兔、中通、邮政，不指定快递，仓库随机发哦~""},{""role"":""user"",""content"":""多久发货""},{""role"":""assistant"",""content"":""亲亲，下单48小时内发货哦。""},{""role"":""user"",""content"":""1""},{""role"":""assistant"",""content"":""1""},{""role"":""user"",""content"":""多久发货""}]","['问题：""什么时候发货"", 答案：""下单48小时内发货亲""', '问题：""什么时候发货？能快点吗"", 答案：""下单48小时内发货亲""', '问题：""什么时候到货？"", 答案：""路上时效以快递为准，我们不敢保证快递路上时效哦""', '问题：""有点急  最快什么时候 发货？"", 答案：""我催下亲亲 尽快安排""', '问题：""什么时候发货？有货吗？"", 答案：""亲，下单48小时内发货哦。""', '问题：""什么时候发货？大约几天能到我这里人工"", 答案：""路上时效以快递为准，我们不敢保证快递路上时效哦""', '问题：""什么时候发货？什么时候发货？"", 答案：""亲，下单48小时内发货哦。""', '问题：""什么时候发货？哪里发货"", 答案：""亲，下单48小时内发货哦。""', '问题：""速度发货"", 答案：""发货是在我们仓库哦，速度会尽快的呢。""', '问题：""你好下单了啥时候发货"", 答案：""下单48小时内发货亲""']",亲亲，下单48小时内发货哦。,亲亲，下单48小时内发货哦。,2024-04-16 17:42:32,"22,23",春秋男士高帮鞋韩版潮流运动休闲板鞋男英伦内增高男鞋白色学生鞋,待发货,退款成功
44,58,你好,"[{""role"":""user"",""content"":""你好呢""},{""role"":""assistant"",""content"":""很高兴为您服务，请问有什么可以帮您？""},{""role"":""user"",""content"":""你好呢""},{""role"":""assistant"",""content"":""你好 在的亲""},{""role"":""user"",""content"":""哈哈哈""},{""role"":""assistant"",""content"":""亲，有什么问题需要我帮您解答吗？""},{""role"":""user"",""content"":""你好""}]",[],,很高兴为您服务，请问有什么可以帮您？,2024-04-16 17:39:25,"22,23",春秋男士高帮鞋韩版潮流运动休闲板鞋男英伦内增高男鞋白色学生鞋,待发货,退款成功
50,64,发什么物流,"[{""role"":""user"",""content"":""1""},{""role"":""user"",""content"":""[大哭][大哭][大哭]""},{""role"":""assistant"",""content"":""亲 可以灌8-10斤哦""},{""role"":""user"",""content"":""什么时候发挥""},{""role"":""user"",""content"":""发货""},{""role"":""assistant"",""content"":""亲亲，发货时间48小时内哦~""},{""role"":""user"",""content"":""发什么物流""}]","['问题：""<物流问题>发什么物流？"", 答案：""极兔、中通、邮政，不指定快递，仓库随机发""', '问题：""发什么快递？"", 答案：""极兔、中通、邮政，不指定快递，仓库随机发""', '问题：""发什么快递？哪里发货"", 答案：""亲，我们有极兔、中通、邮政等多种快递选择，随机发货哦~""', '问题：""发什么快递？发什么快递？哪里发货"", 答案：""山东枣庄发货的亲""', '问题：""今天可以发货吧哪里发？什么快递"", 答案：""亲亲，下单后的48小时内陆续发货哦~""', '问题：""什么快递？"", 答案：""极兔、中通、邮政，不指定快递，仓库随机发""', '问题：""<物流问题>什么时间发货？"", 答案：""下单48小时内""', '问题：""发什么快递？什么时候发货？"", 答案：""亲，我们发极兔、中通、邮政，不指定快递，仓库随机发哦~""', '问题：""发什么快递？可以指定邮政快递吗？"", 答案：""极兔 中通，邮政，不指定快递，仓库随机发的亲""', '问题：""物流怎么不动"", 答案：""会尽快的哈""']",亲亲，我们发极兔、中通、邮政，不指定快递，仓库随机发哦~,亲亲，我们发极兔、中通、邮政，不指定快递，仓库随机发哦~,2024-04-16 17:03:03,"22,23",春秋男士高帮鞋韩版潮流运动休闲板鞋男英伦内增高男鞋白色学生鞋,待发货,退款成功
51,65,什么时候发挥发货,"[{""role"":""user"",""content"":""1""},{""role"":""user"",""content"":""[大哭][大哭][大哭]""},{""role"":""assistant"",""content"":""亲 可以灌8-10斤哦""},{""role"":""user"",""content"":""什么时候发挥""},{""role"":""user"",""content"":""什么时候发挥发货""}]","['问题：""啥时候发"", 答案：""下单48小时内发货亲""', '问题：""什么时候到"", 答案：""路上时效以快递为准，我们不敢保证快递路上时效哦""', '问题：""好的什么时候发给我"", 答案：""尽快 我这边联系仓库亲""', '问题：""催到什么时候？"", 答案：""快递的问题咱也不好说啊""', '问题：""你好多久到 急着用"", 答案：""路上时效以快递为准，我们不敢保证快递路上时效哦""', '问题：""那等到什么时候呢"", 答案：""耐心等下哈""', '问题：""什么时候发货"", 答案：""下单48小时内发货亲""', '问题：""今天能发不"", 答案：""亲亲，下单后的48小时内陆续发货哦~""', '问题：""需要时间是多久"", 答案：""亲 您的订单时间比较长 核实也会比较麻烦 快递核实后会与您联系。""', '问题：""大约几天"", 答案：""路上时效以快递为准，我们不敢保证快递路上时效哦""']",,亲亲，发货时间48小时内哦~,2024-04-16 17:02:51,"22,23",春秋男士高帮鞋韩版潮流运动休闲板鞋男英伦内增高男鞋白色学生鞋,待发货,退款成功
52,66,什么时候发挥,"[{""role"":""user"",""content"":""1""},{""role"":""user"",""content"":""[大哭][大哭][大哭]""},{""role"":""assistant"",""content"":""亲 可以灌8-10斤哦""},{""role"":""user"",""content"":""什么时候发挥""}]","['问题：""啥时候发"", 答案：""下单48小时内发货亲""', '问题：""什么时候到"", 答案：""路上时效以快递为准，我们不敢保证快递路上时效哦""', '问题：""好的什么时候发给我"", 答案：""尽快 我这边联系仓库亲""', '问题：""催到什么时候？"", 答案：""快递的问题咱也不好说啊""', '问题：""你好多久到 急着用"", 答案：""路上时效以快递为准，我们不敢保证快递路上时效哦""', '问题：""那等到什么时候呢"", 答案：""耐心等下哈""', '问题：""什么时候发货"", 答案：""下单48小时内发货亲""', '问题：""今天能发不"", 答案：""亲亲，下单后的48小时内陆续发货哦~""', '问题：""需要时间是多久"", 答案：""亲 您的订单时间比较长 核实也会比较麻烦 快递核实后会与您联系。""', '问题：""大约几天"", 答案：""路上时效以快递为准，我们不敢保证快递路上时效哦""']",亲亲，发货时间48小时内哦~,,2024-04-16 17:02:48,"22,23",春秋男士高帮鞋韩版潮流运动休闲板鞋男英伦内增高男鞋白色学生鞋,待发货,退款成功
53,67,1[大哭][大哭][大哭],"[{""role"":""user"",""content"":""1""},{""role"":""user"",""content"":""1[大哭][大哭][大哭]""}]","['问题：""一"", 答案：""亲 可以灌8-10斤哦""', '问题：""？"", 答案：""猪小肠衣""', '问题：""<运营问题>保质期多久？"", 答案：""1年""', '问题：""<物流问题>能储存多长时间？"", 答案：""1年""', '问题：""哦"", 答案：""好的亲🌹""', '问题：""<运营问题>是否有相关的认证或授权？"", 答案：""无""', '问题：""<运营问题>是否有季节性或地域限制？"", 答案：""无""', '问题：""<商品成分>有反式脂肪酸吗？"", 答案：""无""', '问题：""<商品成分>有无致敏源？"", 答案：""无""', '问题：""<商品成分>有无农药残留？"", 答案：""无""']",,亲 可以灌8-10斤哦,2024-04-16 17:02:31,"22,23",春秋男士高帮鞋韩版潮流运动休闲板鞋男英伦内增高男鞋白色学生鞋,待发货,退款成功
56,70,哈哈哈,"[{""role"":""user"",""content"":""你好呢""},{""role"":""assistant"",""content"":""很高兴为您服务，请问有什么可以帮您？""},{""role"":""user"",""content"":""你好呢""},{""role"":""assistant"",""content"":""你好 在的亲""},{""role"":""user"",""content"":""哈哈哈""}]","['问题：""哦哦"", 答案：""🌹""', '问题：""哦哦"", 答案：""是的""', '问题：""好"", 答案：""嗯嗯""', '问题：""噢"", 答案：""🌹""', '问题：""哦"", 答案：""好的亲🌹""', '问题：""好的"", 答案：""好的亲🌹""', '问题：""还得拍几样我看看吧"", 答案：""好的""', '问题：""嗯，处理完我好从拍"", 答案：""好的""']",亲，有什么问题需要我帮您解答吗？,亲，有什么问题需要我帮您解答吗？,2024-04-16 17:00:13,"22,23",春秋男士高帮鞋韩版潮流运动休闲板鞋男英伦内增高男鞋白色学生鞋,待发货,退款成功
61,75,不是我好了你好吧我*****卧槽啊我**你***圣经吧怎么办？你还呢你好呢,"[{""role"":""user"",""content"":""怎么办？""},{""role"":""user"",""content"":""你还呢""},{""role"":""user"",""content"":""你好呢""},{""role"":""user"",""content"":""不是我好了你好吧我*****卧槽啊我**你***圣经吧怎么办？你还呢你好呢""}]","['问题：""你你好吧你好你好的你好呢你好你还"", 答案：""很高兴为您服务，请问有什么可以帮您？""', '问题：""[不好][我伤心了]"", 答案：""🌹""', '问题：""[捂脸]好吧"", 答案：""好的亲🌹""', '问题：""你们给我寄错了[擦汗][擦汗][擦汗]"", 答案：""什么错了亲""', '问题：""不好意思看错了[偷看]"", 答案：""没事哈亲""', '问题：""看倒了[嘻嘻]"", 答案：""好的 亲""', '问题：""得得，别编了，就5毛钱，爱给不给，说瞎话不好，招灾"", 答案：""您可以咨询下平台客服哈亲，询问下是否是符合要求的，这个客服确实不清楚的。""', '问题：""好的 我记错了 我记得要一包芒果[流泪]不好意识"", 答案：""没关系的亲。后续需要芒果味可以再下单哈""', '问题：""忘记喷了还是？[流泪][流泪][流泪][流泪]"", 答案：""亲 您咨询找一下哦""', '问题：""[晕]"", 答案：""😀""']",,你好 在的亲,2024-04-16 16:49:35,"12,18",小白帆布鞋2023年新款,已签收,无售后或售后关闭
62,76,什么时候发货,"[{""role"":""user"",""content"":""什么时候发货""},{""role"":""assistant"",""content"":""亲，下单48小时内发货哦。""},{""role"":""user"",""content"":""发什么快递""},{""role"":""assistant"",""content"":""极兔 中通，邮政，不指定快递，仓库随机发""},{""role"":""user"",""content"":""多久发货""},{""role"":""assistant"",""content"":""亲，下单48小时内发货哦。""},{""role"":""user"",""content"":""什么规格""},{""role"":""assistant"",""content"":""1斤一包的""},{""role"":""user"",""content"":""嗯嗯好的""},{""role"":""assistant"",""content"":""嗯嗯""},{""role"":""user"",""content"":""什么时候发货""}]","['问题：""什么时候发货"", 答案：""下单48小时内发货亲""', '问题：""什么时候发货？能快点吗"", 答案：""下单48小时内发货亲""', '问题：""什么时候发货？什么时候发货？"", 答案：""亲，下单48小时内发货哦。""', '问题：""什么时候发货？大约几天能到我这里人工"", 答案：""路上时效以快递为准，我们不敢保证快递路上时效哦""', '问题：""什么时候发货？发什么快递？"", 答案：""亲，下单48小时内发货哦。""', '问题：""<物流问题>什么时间发货？"", 答案：""下单48小时内""', '问题：""啥时候发"", 答案：""下单48小时内发货亲""', '问题：""发什么快递？什么时候发货？"", 答案：""亲，我们发极兔、中通、邮政，不指定快递，仓库随机发哦~""', '问题：""哪里发货？"", 答案：""山东枣庄发货的亲""', '问题：""都没货了么"", 答案：""亲 不能拍就是没有了哦""']",亲，下单48小时内发货哦。,亲，下单48小时内发货哦。,2024-04-16 16:05:24,"23,21",春秋男士高帮鞋韩版潮流运动休闲板鞋男英伦内增高男鞋白色学生鞋,待发货,退款成功
63,77,嗯嗯好的,"[{""role"":""user"",""content"":""什么时候发货""},{""role"":""user"",""content"":""什么时候发货""},{""role"":""assistant"",""content"":""亲，下单48小时内发货哦。""},{""role"":""user"",""content"":""发什么快递""},{""role"":""assistant"",""content"":""极兔 中通，邮政，不指定快递，仓库随机发""},{""role"":""user"",""content"":""多久发货""},{""role"":""assistant"",""content"":""亲，下单48小时内发货哦。""},{""role"":""user"",""content"":""什么规格""},{""role"":""assistant"",""content"":""1斤一包的""},{""role"":""user"",""content"":""嗯嗯好的""}]","['问题：""嗯嗯好的"", 答案：""好的亲🌹""', '问题：""希望质量好，好用"", 答案：""嗯嗯 好的""', '问题：""好"", 答案：""嗯嗯""', '问题：""哦，好的好的"", 答案：""嗯嗯""', '问题：""好的"", 答案：""好的亲🌹""', '问题：""还得拍几样我看看吧"", 答案：""好的""', '问题：""我专门买的红辣椒都没有你家的辣椒辣"", 答案：""感谢支持""']",嗯嗯,嗯嗯,2024-04-16 16:04:31,"23,21",春秋男士高帮鞋韩版潮流运动休闲板鞋男英伦内增高男鞋白色学生鞋,待发货,退款成功
65,79,什么规格,"[{""role"":""user"",""content"":""你好""},{""role"":""assistant"",""content"":""很高兴为您服务，请问有什么可以帮您？""},{""role"":""user"",""content"":""什么时候发货""},{""role"":""user"",""content"":""什么时候发货""},{""role"":""assistant"",""content"":""亲，下单48小时内发货哦。""},{""role"":""user"",""content"":""发什么快递""},{""role"":""assistant"",""content"":""极兔 中通，邮政，不指定快递，仓库随机发""},{""role"":""user"",""content"":""多久发货""},{""role"":""assistant"",""content"":""亲，下单48小时内发货哦。""},{""role"":""user"",""content"":""什么规格""}]","['问题：""单根多长"", 答案："" 一包是多根组成的，单根50cm-2m以内，""', '问题：""<商品成分>食品品质如何？"", 答案：""优质""', '问题：""我买的是几斤一包的"", 答案：""5斤的""', '问题：""怎么包装不一样"", 答案：""亲，新老包装随机发的哈""', '问题：""希望质量好，好用"", 答案：""嗯嗯 好的""', '问题：""<退货规则>商品质量/故障"", 答案：""拍照核实，补发或退款""', '问题：""<换货规则>商品质量/故障"", 答案：""拍照核实，补发或退款""', '问题：""你们的商品有哪几种包装？"", 答案：""有灌5斤  10斤包装 随机发""', '问题：""之前我买的12种分别叫什么名字"", 答案：""不清楚哈亲太久了这边不显示了""', '问题：""哪里发货？"", 答案：""山东枣庄发货的亲""']",1斤一包的,1斤一包的,2024-04-16 16:04:02,"23,21",春秋男士高帮鞋韩版潮流运动休闲板鞋男英伦内增高男鞋白色学生鞋,待发货,退款成功
67,81,发什么快递,"[{""role"":""user"",""content"":""多久到""},{""role"":""user"",""content"":""hh""},{""role"":""assistant"",""content"":""嗯""},{""role"":""user"",""content"":""你好""},{""role"":""assistant"",""content"":""很高兴为您服务，请问有什么可以帮您？""},{""role"":""user"",""content"":""什么时候发货""},{""role"":""user"",""content"":""什么时候发货""},{""role"":""assistant"",""content"":""亲，下单48小时内发货哦。""},{""role"":""user"",""content"":""发什么快递""}]","['问题：""发什么快递？"", 答案：""极兔、中通、邮政，不指定快递，仓库随机发""', '问题：""什么快递？"", 答案：""极兔、中通、邮政，不指定快递，仓库随机发""', '问题：""发哪个快递发什么快递？发什么快递？发什么快递？"", 答案：""亲，我们仓库随机发货，使用的快递有极兔、中通、邮政哦~""', '问题：""发什么快递？什么时候发货？"", 答案：""亲，我们发极兔、中通、邮政，不指定快递，仓库随机发哦~""', '问题：""只能发邮政吗？发什么快递"", 答案：""亲亲没法指定快递呢""', '问题：""什么时候发货？发什么快递？"", 答案：""亲，下单48小时内发货哦。""', '问题：""今天可以发货吧哪里发？什么快递"", 答案：""亲亲，下单后的48小时内陆续发货哦~""', '问题：""<物流问题>发什么物流？"", 答案：""极兔、中通、邮政，不指定快递，仓库随机发""', '问题：""哪里发货？"", 答案：""山东枣庄发货的亲""', '问题：""都没货了么"", 答案：""亲 不能拍就是没有了哦""']",极兔 中通，邮政，不指定快递，仓库随机发,极兔 中通，邮政，不指定快递，仓库随机发,2024-04-16 16:03:35,"23,21",春秋男士高帮鞋韩版潮流运动休闲板鞋男英伦内增高男鞋白色学生鞋,待发货,退款成功
